ID,NAME,E-MAIL,PHONE,CREATED,UPDATED
22085688610,Cyprian Rok,lidiabembenek@majorczyk-hirsch.pl,417943762,2025-05-01 10:05:19,2025-05-01 10:05:19
89409735482,Arkadiusz Adamaszek,drosttadeusz@hotmail.com,140866181,2025-05-01 10:05:19,2025-05-01 10:05:19
44283126283,Marcelina Markiel,kaja81@fpuh.net,364300525,2025-05-01 10:05:19,2025-05-01 10:05:19
68726297836,Nataniel Szachniewicz,gabrieldacko@o2.pl,401535049,2025-05-01 10:05:19,2025-05-01 10:05:19
50938417058,Dagmara Pacholik,qczapiga@interia.pl,929943175,2025-05-01 10:05:19,2025-05-01 10:05:19
85884567495,Filip Ogrodowicz,dlugozimaignacy@flisek-parkitny.pl,164733526,2025-05-01 10:05:19,2025-05-01 10:05:19
62623849435,Jędrzej Marcińczyk,aurelia22@interia.pl,611449103,2025-05-01 10:05:19,2025-05-01 10:05:19
82976579768,Sonia Kieca,mysiorjuliusz@yahoo.com,175100801,2025-05-01 10:05:19,2025-05-01 10:05:19
02711686047,Juliusz Kapuścik,rpyza@onet.pl,684148506,2025-05-01 10:05:19,2025-05-01 10:05:19
40867812150,Adrian Nastaj,ustozek@onet.pl,340943577,2025-05-01 10:05:19,2025-05-01 10:05:19
66398033548,Lidia Czupryna,kacper16@tywoniuk-masny.com,695788280,2025-05-01 10:05:19,2025-05-01 10:05:19
12893927252,Aniela Durlik,afronia@gabinety.net,536747620,2025-05-01 10:05:19,2025-05-01 10:05:19
42775059675,Arkadiusz Walenciak,machabartek@stowarzyszenie.net,550128737,2025-05-01 10:05:19,2025-05-01 10:05:19
31086695634,Olaf Dziuda,iduszczak@matyka.pl,273165959,2025-05-01 10:05:19,2025-05-01 10:05:19
42344250458,Julianna Bork,franciszek80@fundacja.com,476818497,2025-05-01 10:05:19,2025-05-01 10:05:19
01557485224,Konstanty Ochnik,uwieckiewicz@pasich-smagala.net,183572018,2025-05-01 10:05:19,2025-05-01 10:05:19
57873152847,Jakub Trzpil,neubaueraleks@onet.pl,908773212,2025-05-01 10:05:19,2025-05-01 10:05:19
21376243232,Borys Pelka,antoni46@stowarzyszenie.net,974344935,2025-05-01 10:05:19,2025-05-01 10:05:19
21900262522,Kacper Fąferek,juliannaciuba@onet.pl,631009844,2025-05-01 10:05:19,2025-05-01 10:05:19
87501616887,Olgierd Dankiewicz,sliedtke@fundacja.org,622812053,2025-05-01 10:05:19,2025-05-01 10:05:19
31446496428,Liwia Cebulak,erykkusnierek@stowarzyszenie.net,296042819,2025-05-01 10:05:19,2025-05-01 10:05:19
71978366498,Alan Machoń,vkluczek@hotmail.com,310944138,2025-05-01 10:05:19,2025-05-01 10:05:19
24965224481,Adrianna Skup,lkoral@fpuh.pl,159215581,2025-05-01 10:05:19,2025-05-01 10:05:19
86420450817,Artur Cichowlas,maciejewiczcyprian@doroszkiewicz-mila.pl,867773531,2025-05-01 10:05:19,2025-05-01 10:05:19
24970444210,Kacper Gul,wpasich@fundacja.com,768744242,2025-05-01 10:05:19,2025-05-01 10:05:19
29030865024,Ksawery Sztaba,soniabieszke@siemieniec-jagielka.pl,427554334,2025-05-01 10:05:19,2025-05-01 10:05:19
62427840010,Jędrzej Ławniczek,tomaszaleksa@o2.pl,623695741,2025-05-01 10:05:19,2025-05-01 10:05:19
92417557271,Kalina Bartoś,kacper99@andrys-kenig.pl,753378866,2025-05-01 10:05:19,2025-05-01 10:05:19
54352429262,Aleks Pietraszkiewicz,osipowiczfilip@fundacja.pl,456801139,2025-05-01 10:05:19,2025-05-01 10:05:19
34009139353,Borys Molak,rokstefan@yahoo.com,634200866,2025-05-01 10:05:19,2025-05-01 10:05:19
73213865752,Adrianna Wesoły,vbasista@onet.pl,042400175,2025-05-01 10:05:19,2025-05-01 10:05:19
44802914830,Gaja Roch,pneugebauer@stachelek.pl,384616978,2025-05-01 10:05:19,2025-05-01 10:05:19
77493150114,Dorota Ignatiuk,angelika05@yahoo.com,099671973,2025-05-01 10:05:19,2025-05-01 10:05:19
95930223549,Witold Krakowczyk,iwobasa@onet.pl,041631789,2025-05-01 10:05:19,2025-05-01 10:05:19
18091984714,Ernest Pancerz,gabriel84@yahoo.com,370751995,2025-05-01 10:05:19,2025-05-01 10:05:19
91744763928,Jakub Białous,ewelina86@fundacja.pl,684402549,2025-05-01 10:05:19,2025-05-01 10:05:19
24518845783,Tymoteusz Linek,smalleon@o2.pl,553146984,2025-05-01 10:05:19,2025-05-01 10:05:19
86337065040,Ewelina Wawrzeńczyk,fronczeklukasz@gmail.com,426734369,2025-05-01 10:05:19,2025-05-01 10:05:19
59824899122,Miłosz Towarek,aborzych@fpuh.org,261611990,2025-05-01 10:05:19,2025-05-01 10:05:19
00204043023,Tadeusz Andrejczuk,monika01@yahoo.com,487421324,2025-05-01 10:05:19,2025-05-01 10:05:19
97425925514,Jakub Majak,tlison@fundacja.pl,815739468,2025-05-01 10:05:19,2025-05-01 10:05:19
60128641711,Kamila Garczyk,albertlapaj@stowarzyszenie.pl,516402764,2025-05-01 10:05:19,2025-05-01 10:05:19
77259890871,Iwo Krekora,miekinawitold@gmail.com,991923340,2025-05-01 10:05:19,2025-05-01 10:05:19
60394543019,Tymon Zegadło,alan77@swieton-gregorowicz.com,721494692,2025-05-01 10:05:19,2025-05-01 10:05:19
60505424110,Aniela Denkiewicz,podkowasylwia@gmail.com,558132292,2025-05-01 10:05:19,2025-05-01 10:05:19
90271474116,Paweł Suda,apostelaniela@hotmail.com,305751463,2025-05-01 10:05:19,2025-05-01 10:05:19
92470117208,Franciszek Niesporek,nsolnica@o2.pl,311065854,2025-05-01 10:05:19,2025-05-01 10:05:19
15658097761,Marcelina Ziemann,tsado@fundacja.com,110257265,2025-05-01 10:05:19,2025-05-01 10:05:19
90361072615,Jakub Sobisz,szmelterjeremi@gabinety.com,942877682,2025-05-01 10:05:19,2025-05-01 10:05:19
98852249382,Wojciech Ochnio,vbatog@talaska.com,267428177,2025-05-01 10:05:19,2025-05-01 10:05:19